<?xml version="1.0" ?>
<LOG_ROOT>
	<PROJECT NAME="Computer">
		<CBX_INST_ENTRY INSTANCE_NAME="|Computer|lpm_counter0:inst7|lpm_counter:lpm_counter_component" CBX_FILE_NAME="cntr_25j.tdf"/>
		<CBX_INST_ENTRY INSTANCE_NAME="|Computer|lpm_mux1:inst15|LPM_MUX:lpm_mux_component" CBX_FILE_NAME="mux_o6e.tdf"/>
		<CBX_INST_ENTRY INSTANCE_NAME="|Computer|lpm_mux1:inst24|LPM_MUX:lpm_mux_component" CBX_FILE_NAME="mux_o6e.tdf"/>
		<CBX_INST_ENTRY INSTANCE_NAME="|Computer|lpm_ram_dq0:InstructionsRAM|altsyncram:altsyncram_component" CBX_FILE_NAME="altsyncram_e1d1.tdf"/>
		<CBX_INST_ENTRY INSTANCE_NAME="|Computer|lpm_mux1:inst25|LPM_MUX:lpm_mux_component" CBX_FILE_NAME="mux_o6e.tdf"/>
		<CBX_INST_ENTRY INSTANCE_NAME="|Computer|lpm_mux5:inst30|LPM_MUX:lpm_mux_component" CBX_FILE_NAME="mux_j6e.tdf"/>
		<CBX_INST_ENTRY INSTANCE_NAME="|Computer|lpm_rom0:inst|altsyncram:altsyncram_component" CBX_FILE_NAME="altsyncram_1f51.tdf"/>
	</PROJECT>
</LOG_ROOT>
